,resource_state,name,distance,moving_time,elapsed_time,total_elevation_gain,type,sport_type,id,start_date,start_date_local,timezone,utc_offset,location_city,location_state,location_country,achievement_count,kudos_count,comment_count,athlete_count,photo_count,trainer,commute,manual,private,visibility,flagged,gear_id,start_latlng,end_latlng,average_speed,max_speed,average_cadence,has_heartrate,average_heartrate,max_heartrate,heartrate_opt_out,display_hide_heartrate_option,elev_high,elev_low,upload_id,upload_id_str,external_id,from_accepted_tag,pr_count,total_photo_count,has_kudoed,suffer_score,athlete.id,athlete.resource_state,map.id,map.summary_polyline,map.resource_state,average_temp,workout_type
0,2,Morning Stand Up Paddling,10759.4,5336,12034,9.6,StandUpPaddling,StandUpPaddling,8079222349,2022-11-06T15:45:06Z,2022-11-06T07:45:06Z,(GMT-08:00) America/Los_Angeles,-28800.0,,,,1,7,0,2,0,False,False,False,False,everyone,False,,"[32.77797047048807, -117.21937517635524]","[32.777417516335845, -117.21646707504988]",2.016,4.576,47.3,True,89.9,141.0,False,True,5.0,0.0,8648447447.0,8648447447,garmin_ping_246064107339,False,0,0,False,9.0,10993294,1,a8079222349,qx`gElgmjUR[`@{@z@kAbAqBn@}Ar@yAlAuBJYl@aCd@{A@UE]GGKB]p@Xo@@AQh@gAfCkB|CaAfB]z@oBfDi@z@cApBkAnBUb@G\DLj@B^SV[DSDGJWt@sAV[`@[Z]tCsHLa@E_@UW[GWLSX[z@e@t@UXk@Zq@G?GI?BMAEA@CEAWLcAP`DAKJK`@WlAmARKfA]t@aAPQJSTSXORWb@m@`AeAL[\c@RKJQJORg@NQp@g@VUj@YPSb@m@RSNWN{@Au@GO?SGWUYSKIKMEK@}@\_@Dg@@q@Hk@LWLq@J[N]HiAHOFGN?HADFbAf@|AP^RXh@d@FJ@^Q^KJEHEAMDsAnCm@~AMLQXGTa@t@c@~@UVg@|@sAxCYZQ\YbA_@xB@NFHF?BMHQLOjBwAJKpAeCr@}@xAyBr@}@v@aBjAsCb@k@JWHYH[?_@C_@I]_@o@QI]AYDKLMCGIINSn@E@EAEDqAlEqClGy@zAa@|@U\kBzDm@hA?FEFBFHFBGBPDHLFAEKICS?@@?C@?@?GB?AA?B@E@BI_@?YR\VHRCRSLYRUVUr@e@f@s@`AqB~AgCxAoC|@iCVy@lAeD@[ESKGW?E@CDCHJx@IVHUFEGCYJHe@CCm@bAoApC]`AiAtB_AvBUb@[b@Qd@gApBq@hA_@|@cAlBLG@KE?NLF@PCNINOjAqBdAsBx@oAn@uAfAoBx@mAfB{BbAoB\y@H_@A_@GQSKM?[T?B@WCGCAy@hBg@jAiBlDc@dAmIrO[n@JEE@CDB?AB?GFC?DCA?@@AAC@?A?A@@?BEABBADK?UEI^CRKxBmBbCmBpA}Bf@q@b@u@nBgERo@j@yAF_@D_@G]MQOIG?IBY`@F]IECBoBvEsA`Cw@jBm@lAiAfBUb@i@jAkAbDWb@SRMBVIICLEVSI^DPJHR?VMPSLYX}@v@yAj@u@n@k@~@iB^i@zAiCt@iBl@qAr@{BF[IWUUICY@MHOP?KDIb@e@CIBA?GI?CDs@~AcAlBgAbCg@bA,2,,
1,2,vibing,12467.2,4650,4650,0.0,StandUpPaddling,StandUpPaddling,8074728524,2022-11-06T00:02:48Z,2022-11-05T17:02:48Z,(GMT-08:00) America/Los_Angeles,-25200.0,,,,0,12,0,1,0,False,False,False,False,everyone,False,,"[32.78566380031407, -117.25001094862819]","[32.78495351783931, -117.25031026639044]",2.681,4.065,45.0,True,143.8,166.0,False,True,4.1,3.1,8643260796.0,8643260796,garmin_ping_245958039200,False,0,0,False,48.0,10993294,1,a8074728524,_nbgExfsjUMMAMP[l@i@|@gARSZKzDk@zDu@jAYz@W~EgAhBYdCq@vBcAf@KpBo@l@KfBc@hA_@vAs@fBg@dDwATIpBc@fAa@dDwAz@Ur@WtBa@VIl@e@RKZG~@It@Qx@_@p@c@jBe@^A~@B|@JXHbAd@VBfAl@r@Z|DlAZP^L|@T|@P^AhBS`@Cv@@XClARZ@jAXn@@VFjANv@N\Bz@Xp@HjAV^DvAFZFbCx@~Av@\d@bAlBJXHZ^lCLlBJ^TbB\vEDZJrBRbBB\@v@XlCDbAJtAAZDx@^~CTvDZzBDtAVdBBZAx@h@zCB|AYv@?XBZR`At@|BF\@^C\_@hAm@dAGP@HJL@b@Pr@`@z@xAjBl@f@rCvBz@nAZx@PXj@hBd@pAd@~AN|@D`@\pBXvBDfA^~CBfAHv@@jAAf@E^[`BE\SnA?b@@`@F`@TdARjAMhCAl@K|@?\PfC?~AJ`BC`APvEGVBTH@PILc@SwAEKKIWg@U[We@EkAG_@e@s@M]D[SaA?KLSXOFQBa@CgALoAJgB?mAG{@IuB?qAEaAAeBa@iDEcCa@qCYiASaBK{Aa@wCAa@OiBOkA]gBGiBc@}EKyCSuB?i@Ek@YuACg@HcAFwBGg@Mg@Sa@YeAEg@?w@Ae@i@cDMgB_AmIi@cDMuASwAGuAOuBi@aDi@wBGg@WaDQoA?g@Ek@WwA[mAu@cBu@}Ai@{@[[oCcBmDeAuAi@w@QuCi@uAQeCUyCm@}AQwBc@wBu@yA[{@Q_D[_@Os@U_AO[MaBI_@A]ByEt@u@Fs@LsEjAwAd@}AZgDrA}@T_AP{@VyAh@a@RuAf@[NqEtAmAn@q@XwBj@uBr@GDUFa@Bw@LwAd@sAVgD|@s@XYDu@PqC\y@PqBf@gBl@oAh@_Aj@]b@QXu@fBUn@EZC\?RRz@,2,,
2,2,Lunch Weight Training,0.0,1864,1864,0.0,WeightTraining,WeightTraining,8070014797,2022-11-04T18:16:26Z,2022-11-04T11:16:26Z,(GMT-08:00) Mexico/BajaNorte,-25200.0,,,,0,2,0,1,0,True,False,False,False,everyone,False,,[],[],0.0,0.0,,True,78.3,106.0,False,True,,,8637904655.0,8637904655,garmin_ping_245849984173,False,0,0,False,2.0,10993294,1,a8070014797,,2,,
3,2,Morning Stand Up Paddling,9044.5,4126,4803,0.0,StandUpPaddling,StandUpPaddling,8070014391,2022-11-04T13:41:29Z,2022-11-04T06:41:29Z,(GMT-08:00) America/Los_Angeles,-25200.0,,,,0,2,0,1,0,False,False,False,False,everyone,False,,"[32.77680027298629, -117.21626976504922]","[32.7773714158684, -117.21690578386188]",2.192,3.802,28.8,True,83.8,132.0,False,True,3.0,0.0,8637904158.0,8637904158,garmin_ping_245849966210,False,0,0,False,6.0,10993294,1,a8070014391,sr`gEzrljUZq@~@uATUTQXOzBw@lD}A`@Ul@k@PYXy@Ng@Ba@C_@M]SSYM[C[?[BsATw@Ho@LuAf@w@T_Dr@]D[La@\[HgALmCR{Cj@U@q@EmBa@a@G_BCUHEJCTBNVRTDT?tDO`CAx@@|@HpBFzALt@LZNTXJ^@b@CbCGx@YhBSt@u@`BQVa@`@S`@a@vAg@tAG^@b@BHRVVLZCXORWr@wAlEoFJQj@oA\g@pDeEt@_AzA_BR[|@mCz@{BF[?]Ca@IYSUWOa@Kg@Ag@Jy@ZsAr@wAd@qBb@]NQ\W|@CX?`@CXSxASdAaBbG]bBM^Q\SVSHI?GEBF\THLDJAb@f@]v@_@bAi@hCmAlAs@fB{@b@W`@YVWbA{A`AgAP[x@cCTcARqBEk@I_@Q]SSm@c@e@Q]E_@A_@BoDr@qANm@Bc@JIFWXIRId@C`@ApAKbAOxAw@nFSt@]~@c@jBIRKNKDK?OIJHV\N[PSPM|By@`Bg@VM~@q@j@g@bDkDdBwB\i@^y@J_@N[RcAJyA?_@MYUYe@WYKw@ESPUByA`@Y@{@N}A\IHu@XiC|@_AL]@{ANyAVe@Ns@\YL{@To@Fs@BoCEwBGyDBcBIwAOm@Om@S{Aw@u@UQBOHGLMb@EZA^@^JXNPNFZDt@I\?p@Ld@?rBJhDb@jEP|@Ex@Mp@_@jA{@r@Uv@MdCSxB_@l@Mh@O^Gd@FTNHLJh@?PYfEIlBMdAm@dC,2,,
4,2,gust busters,8799.8,4156,4180,0.0,StandUpPaddling,StandUpPaddling,8062778186,2022-11-03T13:36:13Z,2022-11-03T06:36:13Z,(GMT-08:00) America/Los_Angeles,-25200.0,,,,0,12,0,1,0,False,False,False,False,everyone,False,,"[32.76966174133122, -117.24260771647096]","[32.78492116369307, -117.2501119505614]",2.117,5.323,44.2,True,97.0,146.0,False,True,4.1,3.1,8629735845.0,8629735845,garmin_ping_245639144621,False,0,0,False,9.0,10993294,1,a8062778186,aa_gEt`rjUNBX@LGDGCc@FUBETELON?p@TjAPp@Nl@Dv@LfBRbDv@~AXlAd@^RnBd@pAR~Aj@p@Pd@Gb@?NDd@P`@Vl@h@f@X\`@n@b@n@l@f@t@LZVp@Fj@^|AJv@\jCDjAJp@@Z\|AH|BV`BD~@TdAHt@Lb@BRJpCVfB?z@ZbBDf@Bn@XdALn@DlBXrABR?d@JnAXxCBJLBREVKJQQ_A@aAA}@J_B?cDAo@Gm@Mk@M_BCs@YmB?g@SiBCg@Ec@YkAYuDaA}E]}BIoAOkAQeAMiACm@Bm@YaAUUSABGCGK@CHJHDH@PAACFYbBNdBBx@TdBBn@Ct@PpBAXV|BVhAD\D|@BRCnAPr@d@vCRx@Nv@B\J\H^J~Aj@bCDtAHd@@PFVFNTrBDbBHt@CLI@GAKGMWKo@Ag@OcCGgFKkCMiBIgDc@oEC{BQ}@M}BYoBKc@MgBG}AE]w@cC?wAA[Gi@Ou@Me@YUSU]y@YYg@]UUWGeBs@aB_@u@?mBMUCkBe@SC[Ce@Bo@GY?WGg@QeAMk@O{@Gu@@o@IaAWq@EWIc@Um@WWE[?[E{Bg@sA@wAGYGi@c@q@_@oAY_AO{ACw@Dw@R]DsBJg@L_C\]N_Cf@wAPeBJa@Hc@LaAJq@LW?eAJoAXqBp@UBgBj@i@TQJiA^mAd@u@`@eARa@BqAXm@DeA\uBj@YPsAd@QBu@Ru@^i@l@]Xa@LgAt@sAx@s@n@QJUFaAL_@V}@`@o@Pi@Fe@Pc@b@aAjA_@~@KNERGn@?TDTJR,2,,
5,2,feelum,9374.6,3612,3612,0.0,StandUpPaddling,StandUpPaddling,8060595103,2022-11-03T00:50:01Z,2022-11-02T17:50:01Z,(GMT-08:00) America/Los_Angeles,-25200.0,,,,0,6,0,1,0,False,False,False,False,everyone,False,,"[32.78494932688773, -117.25028486922383]","[32.78486894443631, -117.25004590116441]",2.595,4.177,36.3,True,133.7,159.0,False,True,4.1,3.0,8627265798.0,8627265798,garmin_ping_245571043534,False,0,1,False,19.0,10993294,1,a8060595103,mmbgEnjsjUKeAB]H[ZuAN_@P[d@c@TIpBi@`DsA~DgAtBaAbBo@jCu@rAe@lBeAx@]bCs@xFmBtA]rAe@lCs@dEyArCs@jDe@pCe@lBk@xCo@tB_@z@Kz@A\@zAN`H`AbAJXADIDQRMVCRBb@Fx@RlC\zBb@t@PdDf@t@PnAb@~A`Ap@VnCd@tA^tAf@pAn@dBfAn@j@n@v@^v@H`@Lz@p@pHP~@R|AD`Ar@tFBxAVpCFvAx@jGDbAJz@ZnBFr@@lAHv@HXNJ@DDP@~@Ht@l@~I@^Fr@FvBRnBAZIb@@LLDF?FMFmBA[DoA?qAG_@M_BE{AWcEGoCSqD?mAOwBIgCS}C@e@AgASqCAsAM}AKe@]yCe@aDa@sBgAwGOq@c@kASc@a@U]a@mAqBiA_AWQo@U_AOgEoAmCi@cLaBwBYwCWqAE{CUaD_@gB[cBImA@u@DwF`@uAXWJu@Nu@V{Bn@gATcCXkCPgCGw@BmAPMAiALuADoARmAZsBHo@Js@Bs@NgA\mB\aA^mBv@m@ZoCfAiBf@}Bf@UJwA|@}@d@}AfA{@x@cAzAa@p@wAxCOv@IjBD\JZPX,2,,
6,2,test flight,9048.0,4848,5610,4.3,StandUpPaddling,StandUpPaddling,8057859801,2022-11-02T13:02:42Z,2022-11-02T06:02:42Z,(GMT-08:00) America/Los_Angeles,-25200.0,,,,0,15,3,2,0,False,False,False,False,everyone,False,,"[33.623587070032954, -117.89280116558075]","[33.62525423057377, -117.89307575672865]",1.866,4.111,80.0,True,94.9,148.0,False,True,3.1,-1.2,8624195194.0,8624195194,garmin_ping_245506561198,False,0,1,False,9.0,10993294,1,a8057859801,_}elEv_qnUp@P~Bz@RTN\H`@f@hCNnA\bDBjB?|AXfADhATfA?~@I|CBlAEhADx@Iv@HYIrAPlBNp@Rn@b@p@f@t@p@r@rAvA`Az@XNZJt@^lBnAl@Tf@L^PvC~Al@Rf@\LD~APt@NXHjAf@`@JL@h@YP?pA`@z@d@VHbBR~BGx@MrBYx@]hAEHMl@WFGJO?GC?FMx@YvBcAdB}A|@i@rEsDxAcATS|@cANIj@m@XSPYZ[BGE?BC\k@JYn@s@LYlAeBpAyBxAcC~AeDn@aARg@ZeAbAqDHUb@y@b@qACDCeABs@Lk@Vo@`@i@Je@CD?XPQJSQWSPINMj@{@pCiAvCu@xBmBdEUb@_BvBc@x@mAtAOZ?VJNP?NQAYKOMEQ@MFONNQSEO@SF[PFEHS_@n@}@hCE^D\RPR?PERKvAcAT[BICYOWi@m@QKM?k@XQNQTc@TsAdBi@f@i@l@_AzAy@dAq@bAcAvAs@~@_A|@_B|Bi@j@eBnAwAtASPe@N{Bd@kDfAcCf@[Bg@Cu@KyBQwAWSI_@UuB[B@e@NM@}@GIAMMIC_AO]Kq@a@}@_@o@SeAq@eCsAkBkA{@q@uF_GMSGQCYOm@AYh@gCFi@FwBCmC@wAGy@GkA_@sD@_@HgAAwADy@Ag@c@gCSq@g@kAy@oASU]UqB_Ao@Q_AU}@a@aBYqA_@,2,,
7,2,pergatory,13000.0,3600,3600,0.0,Workout,Workout,8053854844,2022-11-01T16:48:09Z,2022-11-01T09:48:09Z,(GMT-08:00) America/Los_Angeles,-25200.0,,,,0,8,0,1,0,False,False,True,False,everyone,False,,[],[],3.611,0.0,,False,,,False,False,,,,,,False,0,1,False,,10993294,1,a8053854844,,2,,
8,2,goog mornig,8610.0,4243,5683,3.0,StandUpPaddling,StandUpPaddling,8053087623,2022-11-01T13:37:45Z,2022-11-01T06:37:45Z,(GMT-08:00) America/Los_Angeles,-25200.0,,,,0,8,0,2,0,False,False,False,False,everyone,False,,"[32.77312371879816, -117.21221158280969]","[32.77756579220295, -117.2169460169971]",2.029,3.622,31.3,True,73.1,106.0,False,True,3.8,0.0,8618813032.0,8618813032,garmin_ping_245372195758,False,0,0,False,5.0,10993294,1,a8053087623,ko`gEz_ljUe@@c@HuBNuEt@m@Bk@?a@FeA?Y@[VUBg@AE@y@?g@EuBA}@GgDUuAOo@OgBWcDw@u@UmEaAcAMoHMuBGy@@wFIWBOPGX@VLRRH|A?hFNv@FxAAjALfAVdDfAvFvAh@Pp@VbBh@bAPhC^rGb@lEExBWnCMf@Gf@?r@FvALn@Jn@TtAv@f@d@J`@A\M`@OTa@XGLKb@WDU?SA[IBHBNBA?FDJ?RCPRW`DkGNWRAHHFXCN@LAX{CpGyG`MeBrC?PDHD@HCJI@WFG\w@\s@bA_B`@u@|AwDfB{Dr@kBx@eB^cAd@c@JOBIGOCACBMf@Yv@AJI\Ob@m@xAu@xAgBfEu@xAi@r@a@x@c@p@IZw@~Ai@z@OZBRDFLAFOB@A@?FDEz@oAt@aAn@o@bA_BvB_Ef@oAn@cAf@cAx@eAj@qAFq@EWS_AMQOMSKk@Gm@MwA_@a@QG@GFCJ?BHHXJt@Jv@BRPXf@@PEV?JgAnCcCpFgBdDkD~Gi@x@ATHJFBDA@EBA@]BGd@u@v@}Ax@qAP}@Fi@N_@l@g@NSj@e@JOZQj@w@Bu@Nk@fAeCR[n@oBDWCKMKE?C@GN[z@CP@CmAhDU^_@v@SZ]x@UZ,2,,
9,2,spajetti,10080.8,4510,4510,0.0,StandUpPaddling,StandUpPaddling,8050368433,2022-11-01T00:45:41Z,2022-10-31T17:45:41Z,(GMT-08:00) America/Los_Angeles,-25200.0,,,,0,11,0,1,0,False,False,True,False,everyone,False,,[],[],2.235,0.0,,False,,,False,False,,,,,,False,0,2,False,,10993294,1,a8050368433,,2,,
10,2,rig,60.2,26,495,0.0,StandUpPaddling,StandUpPaddling,8050153385,2022-11-01T00:32:50Z,2022-10-31T17:32:50Z,(GMT-08:00) America/Los_Angeles,-25200.0,,,,0,9,2,1,0,False,False,False,False,everyone,False,,[],[],2.315,0.435,38.1,True,98.4,107.0,False,True,4.1,4.1,8615487301.0,8615487301,garmin_ping_245289702110,False,0,1,False,0.0,10993294,1,a8050153385,,2,,
11,2,Afternoon Weight Training,0.0,3647,3647,0.0,WeightTraining,WeightTraining,8049820763,2022-10-31T21:43:06Z,2022-10-31T14:43:06Z,(GMT-07:00) Mexico/BajaSur,-25200.0,,,,0,1,0,1,0,True,False,False,False,everyone,False,,[],[],0.0,0.0,,True,87.9,119.0,False,True,,,8615114515.0,8615114515,garmin_ping_245279101573,False,0,0,False,6.0,10993294,1,a8049820763,,2,,
12,2,Morning Stand Up Paddling,8915.9,4033,4787,7.3,StandUpPaddling,StandUpPaddling,8044417355,2022-10-30T16:54:46Z,2022-10-30T09:54:46Z,(GMT-08:00) America/Los_Angeles,-25200.0,,,,0,7,0,3,0,False,False,False,False,everyone,False,,"[32.78688261285424, -117.2118519153446]","[32.777424305677414, -117.21637822687626]",2.211,3.842,47.5,True,83.5,128.0,False,True,5.0,0.0,8608897195.0,8608897195,garmin_ping_245112885245,False,0,0,False,6.0,10993294,1,a8044417355,embgE~_ljUnAb@rCj@tBt@\Hv@J~C~@zAXhAZfBDfA?bDI`ABhAEz@?t@CxB_@xA]tAUjBUh@Mv@WzA{@j@Ur@QnH{BpFoApAu@VWLa@Gc@QS[IY?[DyEpAuChAuGrB}@VuBt@kD`Am@VIFABI?GDCAG?CAqCRcC?a@A{@K_@AmBBc@D]?c@CqAOa@BeBYc@CYKwAO_@MaASi@C}@S]MUKUC{Bi@kBo@kB}@w@i@]Og@A}@Ru@JS?QGG?I@IDCFFPD@TCtADTEB@n@@VFv@\fE|B~DbCn@f@z@x@pCtBTL|ALpCIx@@p@Hr@TX?hCMv@KlAa@bBa@rASjB_@fC[\ItCcA|Ac@bAMb@IvCcAbAc@|Ai@|@_@zDiAVSF[AWKWKI]CcAZaAP_@Je@Rq@RkAJgA\eEt@gEhAs@H_@H}Ab@cA\cDr@oBr@u@?gBOqBKoAKyACkAUw@Gs@OgCa@YEI@UJGP@VFZX^b@ThBx@~@XVDzCPvAP^BlBDjAErA?lAGr@@fBSLEVM`@]LEFIPMp@Mx@SvF{AjAWtA_@`Ck@`BUn@C^JJHNXf@rA?d@K`@S^o@t@[X}@h@w@\g@`@kAr@YTmBjCgAxB_A`B,2,,
13,2,Morning Stand Up Paddling,842.1,394,441,0.0,StandUpPaddling,StandUpPaddling,8042865266,2022-10-30T13:41:10Z,2022-10-30T06:41:10Z,(GMT-08:00) America/Los_Angeles,-25200.0,,,,0,1,0,1,0,False,False,False,False,everyone,False,,"[32.77704770676792, -117.21650320105255]","[32.77759898453951, -117.21796659752727]",2.137,3.355,,True,128.4,168.0,False,True,0.8,0.0,8607045017.0,8607045017,garmin_ping_245080462180,False,0,0,False,2.0,10993294,1,a8042865266,is`gEhuljUZo@ZiAZ{@FCXEXCfAAd@I^KPMFSAUKQUEM@SNSVGTA`@ERS`@mBxCs@lAiAbBy@zA,2,,
14,2,Morning Stand Up Paddling,501.5,204,204,0.0,StandUpPaddling,StandUpPaddling,8042716471,2022-10-30T13:33:21Z,2022-10-30T06:33:21Z,(GMT-08:00) America/Los_Angeles,-25200.0,,,,0,2,0,1,0,False,False,False,False,everyone,False,,"[32.77451477944851, -117.21403338946402]","[32.777371080592275, -117.21806977875531]",2.458,3.48,66.7,True,122.5,158.0,False,True,0.2,0.0,8606864572.0,8606864572,garmin_ping_245078712294,False,0,0,False,0.0,10993294,1,a8042716471,sr`gEvyljUa@fA}@bB,2,,
15,2,Evening Weight Training,0.0,4317,4317,0.0,WeightTraining,WeightTraining,8039980367,2022-10-30T02:01:30Z,2022-10-29T19:01:30Z,(GMT-07:00) US/Arizona,-25200.0,,,,0,0,0,1,0,True,False,False,False,everyone,False,,[],[],0.0,0.0,,True,90.5,154.0,False,True,,,8603768492.0,8603768492,garmin_ping_245006322592,False,0,0,False,8.0,10993294,1,a8039980367,,2,,
16,2,Morning Stand Up Paddling,11227.7,5170,6732,4.9,StandUpPaddling,StandUpPaddling,8040062379,2022-10-29T16:32:40Z,2022-10-29T09:32:40Z,(GMT-08:00) America/Los_Angeles,-25200.0,,,,0,4,3,2,0,False,False,False,False,everyone,False,,"[32.77732187882066, -117.21697619184852]","[32.77737200260162, -117.21637797541916]",2.172,3.947,42.0,True,85.6,113.0,False,True,5.0,0.0,8603863104.0,8603863104,garmin_ping_245009354378,False,0,0,False,8.0,10993294,1,a8040062379,_r`gEzyljUhA_@bB}@TQfAoAn@mAXa@r@q@p@aAt@cBFUFm@f@kARw@@OA_@Mk@S[c@a@o@M_BHm@HyAVULI@GDADDJa@HoANuACcAJ[?mC\oCP{BXyCHo@Ge@?wBNa@@w@DuASaAQaBUqA[y@KgDu@u@_@e@Mg@Uq@i@y@[o@e@sCg@o@CcBUwBMuBPgADOF]BuBHiAPc@Ri@b@Y`@a@d@KVFVFDXD`BU\AR@j@?XMTS`AcAXQd@KfAA\EzEr@x@TrATX@d@Jb@Nn@FlB^pIt@lC`@|Bf@nABz@Pj@BjA?r@F|BF`CWt@EtBa@|BObBUdBQdAEdDo@dCu@nAMrAYz@UrAkAJQFSAQIGEC}@D}Bf@uBZoAV{@Vs@PeAb@cDz@aAZuEhAyATqA^g@Hq@?e@Dw@XSBy@?UDm@BuA?WMQCu@Ds@CqASeBA_AQaACeASc@EeC_@}@Ug@IGEYIkAIaB]kBWeA[sAB{@LCDNH_@Uo@[SE{COmA@sDL]NO^D`@NJZBl@InAUtAc@^EzEBbBFxARr@FlAVtAb@F?|Aj@jAb@x@b@p@Rr@LjAZxC@vIRl@DdAAdAOnAD\Af@Id@On@KjA@h@CrA_@r@KdAKrBk@r@Ib@Qx@e@ZKbEgAd@IbBSr@M|@YbCW^WJ]A[QUKGc@Cm@LgAX[PYEi@H}Bn@gBn@cAXwAh@]DgACs@DsB`@q@TaBv@iBj@_ANsCX_@AeAg@sAG_AU}@Ak@G}@WqFS}Ae@uAUkA[s@IcAWU@QPAb@LXXPVLhAb@bAThB^nAZb@B~AZRFpBlAlAn@fBBn@L~@B|BAxBKvAC|AKfAApASV?l@Lr@XRLPVTj@H|@?dA_@~B,2,28.0,
17,2,Morning Stand Up Paddling,975.4,569,626,0.0,StandUpPaddling,StandUpPaddling,8038004781,2022-10-29T16:03:13Z,2022-10-29T09:03:13Z,(GMT-08:00) America/Los_Angeles,-25200.0,,,,0,0,0,1,0,False,False,False,False,everyone,False,,"[32.77717477642, -117.21657251939178]","[32.777167316526175, -117.2165353037417]",1.714,3.681,58.2,False,,,False,False,1.5,0.0,8601485104.0,8601485104,garmin_ping_244947938975,False,0,0,False,,10993294,1,a8038004781,ss`gE|tljUf@w@p@yAPUTQb@{@VGVJRZARGLa@z@}BzD,2,20.0,
18,2,Morning Stand Up Paddling,783.5,416,455,0.0,StandUpPaddling,StandUpPaddling,8037993744,2022-10-29T15:49:10Z,2022-10-29T08:49:10Z,(GMT-08:00) America/Los_Angeles,-25200.0,,,,0,0,0,1,0,False,False,False,False,everyone,False,,"[32.77717703953385, -117.21656749024987]","[32.777603259310126, -117.21794681623578]",1.883,2.966,,True,105.4,146.0,False,True,1.7,0.0,8601472505.0,8601472505,garmin_ping_244947706799,False,0,0,False,1.0,10993294,1,a8037993744,qt`gEjuljUPq@JWtA_CHUJo@JOPGRCP?LDPRH\AVBBABeBpD_@j@yBxDu@dASR,2,,
19,2,Morning Stand Up Paddling,803.2,442,442,0.0,StandUpPaddling,StandUpPaddling,8037938477,2022-10-29T15:33:16Z,2022-10-29T08:33:16Z,(GMT-08:00) America/Los_Angeles,-25200.0,,,,0,0,0,1,0,False,False,False,False,everyone,False,,"[32.777209142223, -117.2166349645704]","[32.77735750190914, -117.21816063858569]",1.817,3.399,61.7,True,132.9,155.0,False,True,1.7,0.0,8601409864.0,8601409864,garmin_ping_244946619706,False,0,0,False,3.0,10993294,1,a8037938477,mt`gEdvljU`@y@`@eAj@aA^i@\u@LKTCb@AXILDAICb@mAxCw@vBgAzBsBbD,2,,
20,2,Morning Stand Up Paddling,759.9,426,469,0.0,StandUpPaddling,StandUpPaddling,8037937120,2022-10-29T15:21:15Z,2022-10-29T08:21:15Z,(GMT-08:00) America/Los_Angeles,-25200.0,,,,0,0,0,1,0,False,False,False,False,everyone,False,,"[32.7771573420614, -117.21659196540713]","[32.777631087228656, -117.21797975711524]",1.784,2.594,,True,113.0,153.0,False,True,1.1,0.0,8601408386.0,8601408386,garmin_ping_244946592611,False,0,0,False,1.0,10993294,1,a8037937120,{s`gEluljU^kAn@_CHQTWh@[NCN@JFJLA`@@CQb@[j@oAzC]j@c@bAoBdD,2,,
21,2,Morning Stand Up Paddling,984.6,532,609,0.0,StandUpPaddling,StandUpPaddling,8037938929,2022-10-29T15:18:26Z,2022-10-29T08:18:26Z,(GMT-08:00) America/Los_Angeles,-25200.0,,,,0,1,0,1,0,False,False,False,False,everyone,False,,"[32.77716471813619, -117.2165866009891]","[32.77716320939362, -117.21658567897975]",1.851,2.966,52.1,False,,,False,False,1.1,0.0,8601410459.0,8601410459,garmin_ping_244946629870,False,0,0,False,,10993294,1,a8037938929,mt`gExtljUXgA`@y@Xu@fAsA`@KZDHTAh@D@@HwBjEo@hA,2,17.0,
22,2,Morning Stand Up Paddling,835.8,412,441,0.0,StandUpPaddling,StandUpPaddling,8037922574,2022-10-29T15:00:41Z,2022-10-29T08:00:41Z,(GMT-08:00) America/Los_Angeles,-25200.0,,,,0,0,0,1,0,False,False,False,False,everyone,False,,"[32.77697755023837, -117.21656732261181]","[32.77740661986172, -117.21807631663978]",2.029,3.406,,True,115.8,156.0,False,True,0.2,0.0,8601392141.0,8601392141,garmin_ping_244946320133,False,0,0,False,1.0,10993294,1,a8037922574,et`gEttljUN_@Rw@DK\e@n@k@PYXo@NQHG`@Gp@YXANFBHAFGL_@^e@r@HK?FYf@c@lA}AzC_DhF,2,,
23,2,Morning Stand Up Paddling,744.3,341,437,0.0,StandUpPaddling,StandUpPaddling,8037851144,2022-10-29T14:42:48Z,2022-10-29T07:42:48Z,(GMT-08:00) America/Los_Angeles,-25200.0,,,,0,0,0,1,0,False,False,False,False,everyone,False,,"[32.777122808620334, -117.2165173664689]","[32.77764189988375, -117.21791789866984]",2.183,3.421,,True,100.4,145.0,False,True,1.2,0.0,8601310923.0,8601310923,garmin_ping_244944961065,False,0,0,False,0.0,10993294,1,a8037851144,at`gE`uljUNU`AcCfAiAV_@NEJFDLG\JK?BKTW^Qd@k@~@[j@Sf@u@nAw@~A_@h@Uj@MP,2,,
24,2,Morning Stand Up Paddling,974.8,606,757,0.0,StandUpPaddling,StandUpPaddling,8037937118,2022-10-29T14:26:11Z,2022-10-29T07:26:11Z,(GMT-08:00) America/Los_Angeles,-25200.0,,,,0,0,0,1,0,False,False,False,False,everyone,False,,"[32.777182906866074, -117.21663915552199]","[32.7770917955786, -117.21650286577642]",1.609,2.906,,False,,,False,False,1.3,0.0,8601408420.0,8601408420,garmin_ping_244946593422,False,0,0,False,,10993294,1,a8037937118,ws`gEdvljU^o@Vs@tAoCZe@N?VTBLATe@v@eBrD,2,15.0,
25,2,Morning Stand Up Paddling,1060.7,607,1225,0.0,StandUpPaddling,StandUpPaddling,8037613076,2022-10-29T14:03:30Z,2022-10-29T07:03:30Z,(GMT-08:00) America/Los_Angeles,-25200.0,,,,0,2,0,1,0,False,False,False,False,everyone,False,,"[32.77723110280931, -117.21676060929894]","[32.777182990685105, -117.21663831733167]",1.747,2.967,54.6,False,,,False,False,1.3,0.0,8601042007.0,8601042007,garmin_ping_244940555521,False,0,0,False,,10993294,1,a8037613076,{s`gEbvljUp@cAV}AVaA`@c@^o@LQNKZIb@@DJA\SlAi@x@eCzE,2,15.0,
26,2,Morning Stand Up Paddling,937.5,539,828,0.0,StandUpPaddling,StandUpPaddling,8037611724,2022-10-29T13:47:42Z,2022-10-29T06:47:42Z,(GMT-08:00) America/Los_Angeles,-25200.0,,,,0,0,0,2,0,False,False,False,False,everyone,False,,"[32.77710109949112, -117.21652616746724]","[32.77722833678126, -117.21675851382315]",1.739,2.653,,False,,,False,False,1.2,0.0,8601040383.0,8601040383,garmin_ping_244940529320,False,0,0,False,,10993294,1,a8037611724,gt`gEbtljUZm@tA_Ch@c@^UTGVHHTAZ[z@Mt@YfAs@dBe@v@,2,16.0,
27,2,Morning Run,963.6,493,657,1.0,Run,Run,8034727039,2022-10-28T15:28:02Z,2022-10-28T08:28:02Z,(GMT-08:00) America/Los_Angeles,-25200.0,,,,0,0,0,1,0,False,False,False,False,everyone,False,,"[32.777253398671746, -117.21671962179244]","[32.7772004250437, -117.21658978611231]",1.955,3.327,,False,,,False,False,4.8,2.4,8597784764.0,8597784764,garmin_ping_244872716558,False,0,0,False,,10993294,1,a8034727039,ut`gE|uljU~@mBX_@\q@f@o@Tk@JOTBP^CRKXcAjB]fAMj@]r@,2,18.0,
28,2,Morning Stand Up Paddling,859.5,452,452,0.0,StandUpPaddling,StandUpPaddling,8032566605,2022-10-28T15:12:05Z,2022-10-28T08:12:05Z,(GMT-08:00) America/Los_Angeles,-25200.0,,,,0,1,0,1,0,False,False,False,False,everyone,False,,"[32.7769482973963, -117.21634453162551]","[32.77733654715121, -117.21805687062442]",1.902,3.274,,True,119.9,140.0,False,True,0.6,0.0,8595340322.0,8595340322,garmin_ping_244810293103,False,0,0,False,1.0,10993294,1,a8032566605,us`gEjrljU\u@\aA@UAiADYP]HGh@KR?d@Nf@@NBHNCRBf@EP[h@ADNK@EG^[dAw@hDo@hBYr@s@lAw@dA,2,,
29,2,Morning Run,922.3,489,989,1.0,Run,Run,8034726928,2022-10-28T15:10:26Z,2022-10-28T08:10:26Z,(GMT-08:00) America/Los_Angeles,-25200.0,,,,0,0,0,1,0,False,False,False,False,everyone,False,,"[32.777188858017325, -117.21657830290496]","[32.77725717052817, -117.2166970744729]",1.886,3.044,,False,,,False,False,5.4,3.6,8597784652.0,8597784652,garmin_ping_244872711685,False,0,0,False,,10993294,1,a8034726928,it`gEruljUVo@d@iBZq@n@k@b@QFAd@DFTQ|@m@hBaBjD,2,17.0,
